title,link,summary,cited_paper_url,abstract
Scientists Discover the Moment AI Truly Understands Language,https://www.sciencedaily.com/releases/2025/07/250707073353.htm,"July 8, 2025 —Neural networks first treat sentences like puzzles solved by word order, but once they read enough, a tipping point sends them diving into word meaning instead—an abrupt “phase transition” reminiscent of water flashing into steam. By revealing ...",http://dx.doi.org/10.1088/1742-5468/ade137,
Scientists Just Simulated the “impossible” — Fault-Tolerant Quantum Code Cracked at Last,https://www.sciencedaily.com/releases/2025/07/250702214157.htm,"July 3, 2025 —A multinational team has cracked a long-standing barrier to reliable quantum computing by inventing an algorithm that lets ordinary computers faithfully mimic a fault-tolerant quantum circuit built ...",http://dx.doi.org/10.1103/xmtw-g54f,
Quantum Computers Just Beat Classical Ones — Exponentially and Unconditionally,https://www.sciencedaily.com/releases/2025/06/250629033459.htm,"June 30, 2025 —A research team has achieved the holy grail of quantum computing: an exponential speedup that’s unconditional. By using clever error correction and IBM’s powerful 127-qubit processors, they ...",http://dx.doi.org/10.1103/PhysRevX.15.021082,
"Quantum Breakthrough: ‘Magic States’ Now Easier, Faster, and Way Less Noisy",https://www.sciencedaily.com/releases/2025/06/250621233816.htm,"June 26, 2025 —Quantum computing just got a significant boost thanks to researchers at the University of Osaka, who developed a much more efficient way to create ""magic states"" a key component for fault-tolerant ...",http://dx.doi.org/10.1103/thxx-njr6,
Quantum Computers Just Got an Upgrade – and It’s 10× More Efficient,https://www.sciencedaily.com/releases/2025/06/250625011632.htm,"June 25, 2025 —Chalmers engineers built a pulse-driven qubit amplifier that’s ten times more efficient, stays cool, and safeguards quantum states—key for bigger, better quantum ...",http://dx.doi.org/10.1109/TMTT.2025.3556982,
AI at Light Speed: How Glass Fibers Could Replace Silicon Brains,https://www.sciencedaily.com/releases/2025/06/250619090855.htm,"June 20, 2025 —Imagine supercomputers that think with light instead of electricity. That s the breakthrough two European research teams have made, demonstrating how intense laser pulses through ultra-thin glass fibers can perform AI-like computations thousands of ...",http://dx.doi.org/10.1364/OL.562186,
The AI That Writes Climate-Friendly Cement Recipes in Seconds,https://www.sciencedaily.com/releases/2025/06/250619035502.htm,"June 19, 2025 —AI researchers in Switzerland have found a way to dramatically cut cement s carbon footprint by redesigning its recipe. Their system simulates thousands of ingredient combinations, pinpointing those that keep cement strong while emitting far less ...",http://dx.doi.org/10.1617/s11527-025-02684-z,
"Robots That Feel Heat, Pain, and Pressure? This New “skin” Makes It Possible",https://www.sciencedaily.com/releases/2025/06/250616040237.htm,"June 17, 2025 —Researchers have created a revolutionary robotic skin that brings machines closer to human-like touch. Made from a flexible, low-cost gel material, this skin transforms the entire surface of a ...",http://dx.doi.org/10.1126/scirobotics.adq2303,
This Quantum Sensor Tracks 3D Movement Without GPS,https://www.sciencedaily.com/releases/2025/06/250614034235.htm,"June 14, 2025 —Physicists at the University of Colorado Boulder have created a groundbreaking quantum device that can measure 3D acceleration using ultracold atoms, something once thought nearly impossible. By chilling rubidium atoms to near absolute zero and ...",,
Photonic Quantum Chips Are Making AI Smarter and Greener,https://www.sciencedaily.com/releases/2025/06/250608222002.htm,"June 8, 2025 —A team of researchers has shown that even small-scale quantum computers can enhance machine learning performance, using a novel photonic quantum circuit. Their findings suggest that today s quantum technology isn t just experimental it can already ...",http://dx.doi.org/10.1038/s41566-025-01682-5,
This “robot Bird” Flies at 45 Mph Through forests—With No GPS or Light,https://www.sciencedaily.com/releases/2025/06/250607103103.htm,"June 7, 2025 —Unlike birds, which navigate unknown environments with remarkable speed and agility, drones typically rely on external guidance or pre-mapped routes. However, a groundbreaking development by ...",http://dx.doi.org/10.1126/scirobotics.ado6187,
"Guardrails, Education Urged to Protect Adolescent AI Users",https://www.sciencedaily.com/releases/2025/06/250603141208.htm,"June 3, 2025 —The effects of artificial intelligence on adolescents are nuanced and complex, according to a new report that calls on developers to prioritize features that protect young people from exploitation, manipulation and the erosion of real-world ...",,
Affordances in the Brain: The Human Superpower AI Hasn’t Mastered,https://www.sciencedaily.com/releases/2025/06/250622225921.htm,"June 23, 2025 —Scientists at the University of Amsterdam discovered that our brains automatically understand how we can move through different environments—whether it's swimming in a lake or walking a ...",http://dx.doi.org/10.1073/pnas.2414005122,
Half of Today’s Jobs Could vanish—Here’s How Smart Countries Are Future-Proofing Workers,https://www.sciencedaily.com/releases/2025/06/250622030429.htm,"June 22, 2025 —AI is revolutionizing the job landscape, prompting nations worldwide to prepare their workforces for dramatic changes. A University of Georgia study ...",http://dx.doi.org/10.1177/15344843251332360,
Self-Powered Artificial Synapse Mimics Human Color Vision,https://www.sciencedaily.com/releases/2025/06/250602155323.htm,"June 2, 2025 —Despite advances in machine vision, processing visual data requires substantial computing resources and energy, limiting deployment in edge devices. Now, researchers from Japan have developed a ...",http://dx.doi.org/10.1038/s41598-025-00693-0,
Engineers Develop Self-Healing Muscle for Robots,https://www.sciencedaily.com/releases/2025/05/250530151849.htm,"May 30, 2025 —Students recently unveiled their invention of a robotic actuator -- the 'muscle' that converts energy into a robot's physical movement -- that has the ability to detect punctures or pressure, heal ...",,
AI Meets Game Theory: How Language Models Perform in Human-Like Social Scenarios,https://www.sciencedaily.com/releases/2025/05/250528132456.htm,"May 30, 2025 —Large language models (LLMs) -- the advanced AI behind tools like ChatGPT -- are increasingly integrated into daily life, assisting with tasks such ...",http://dx.doi.org/10.1038/s41562-025-02172-y,
Horses 'Mane' Inspiration for New Generation of Social Robots,https://www.sciencedaily.com/releases/2025/05/250528214222.htm,"May 29, 2025 —Interactive robots should not just be passive companions, but active partners -- like therapy horses who respond to human emotion -- say ...",,
Solitonic Superfluorescence Paves Way for High-Temperature Quantum Materials,https://www.sciencedaily.com/releases/2025/05/250528131645.htm,"May 28, 2025 —A new study in Nature describes both the mechanism and the material conditions necessary for superfluorescence at high ...",,
"Mid-Air Transformation Helps Flying, Rolling Robot to Transition Smoothly",https://www.sciencedaily.com/releases/2025/05/250528150829.htm,"May 28, 2025 —Engineers have developed a real-life Transformer that has the 'brains' to morph in midair, allowing the drone-like robot to smoothly roll away and begin its ground operations without pause. The ...",http://dx.doi.org/10.1038/s44172-025-00413-6,
Emotional Responses Crucial to Attitudes About Self-Driving Cars,https://www.sciencedaily.com/releases/2025/05/250527124219.htm,"May 27, 2025 —When it comes to public attitudes toward using self-driving cars, understanding how the vehicles work is important -- but so are less obvious characteristics like feelings of excitement or pleasure ...",http://dx.doi.org/10.1016/j.trf.2025.03.014,
"AI Is Here to Stay, Let Students Embrace the Technology, Experts Urge",https://www.sciencedaily.com/releases/2025/05/250522133513.htm,"May 26, 2025 —A new study says students appear to be using generative artificial intelligence (GenAI) responsibly, and as a way to speed up tasks, not just boost their ...",http://dx.doi.org/10.1152/advan.00241.2024,
Could AI Understand Emotions Better Than We Do?,https://www.sciencedaily.com/releases/2025/05/250522124755.htm,"May 22, 2025 —Is artificial intelligence (AI) capable of suggesting appropriate behavior in emotionally charged situations? A team put six generative AIs -- including ChatGPT -- to the test using emotional ...",http://dx.doi.org/10.1038/s44271-025-00258-x,
Scientists Discover Class of Crystals With Properties That May Prove Revolutionary,https://www.sciencedaily.com/releases/2025/05/250521161106.htm,"May 21, 2025 —Researchers have discovered a new class of materials -- called intercrystals -- with unique electronic properties that could power future technologies. Intercrystals exhibit newly discovered forms of ...",,
Imaging Technique Removes the Effect of Water in Underwater Scenes,https://www.sciencedaily.com/releases/2025/05/250521125256.htm,"May 21, 2025 —SeaSplat is an image-analysis tool that cuts through the ocean's optical effects to generate images of underwater environments reveal an ocean scene's true colors. Researchers paired the ...",http://dx.doi.org/https://doi.org/10.48550/arXiv.2409.17345,
World's First Petahertz-Speed Phototransistor in Ambient Conditions,https://www.sciencedaily.com/releases/2025/05/250519204533.htm,"May 19, 2025 —Researchers demonstrated a way to to manipulate electrons using pulses of light that last less than a trillionth of a second to record electrons bypassing a physical barrier almost instantaneously -- ...",http://dx.doi.org/10.1038/s41467-025-59675-5,
Robots Learning Without Us? New Study Cuts Humans from Early Testing,https://www.sciencedaily.com/releases/2025/05/250519132026.htm,"May 19, 2025 —Humans no longer have exclusive control over training social robots to interact effectively, thanks to a new study. The study introduces a new simulation method that lets researchers test their ...",,
Empowering Robots With Human-Like Perception to Navigate Unwieldy Terrain,https://www.sciencedaily.com/releases/2025/05/250519132021.htm,"May 19, 2025 —Researchers have developed a novel framework named WildFusion that fuses vision, vibration and touch to enable robots to 'sense' and navigate complex outdoor environments much like humans ...",,
"With Evolutionary AI, Scientists Find Hidden Keys for Better Land Use",https://www.sciencedaily.com/releases/2025/05/250519131038.htm,"May 19, 2025 —A new AI decision making tool effectively balances various complex trade-offs to recommend ways of maximizing carbon storage, minimizing economic disruptions and helping improve the environment and ...",http://dx.doi.org/10.1017/eds.2025.18,
Remotely Controlled Robots at Your Fingertips: Enhancing Safety in Industrial Sites,https://www.sciencedaily.com/releases/2025/05/250519131817.htm,"May 19, 2025 —A research team has developed a novel haptic device designed to enhance both safety and efficiency for workers in industrial ...",http://dx.doi.org/10.1109/TII.2025.3556077,
Learning as an Adventure: The Lecture Theater in the Spaceship,https://www.sciencedaily.com/releases/2025/05/250515132510.htm,"May 15, 2025 —In Project Chimera, a game lab combines a VR computer game with educational problems in order to convey scientific content in a motivating ...",,
Seeing Blood Clots Before They Strike,https://www.sciencedaily.com/releases/2025/05/250515132126.htm,"May 15, 2025 —A lightning-fast microscope paired with AI now lets scientists watch platelets form clots in real time, all from a simple arm draw. The technique flagged higher platelet clumping in acute-symptom ...",http://dx.doi.org/10.1038/s41467-025-59664-8,
Following the Folds -- With Quantum Technology,https://www.sciencedaily.com/releases/2025/05/250514175424.htm,"May 14, 2025 —The connection between a crumpled sheet of paper and quantum technology: A research team at the EPFL in Lausanne (Switzerland) and the University of Konstanz (Germany) uses topology in microwave ...",,
Study Shows Vision-Language Models Can't Handle Queries With Negation Words,https://www.sciencedaily.com/releases/2025/05/250514165630.htm,"May 14, 2025 —Researchers found that vision-language models, widely used to analyze medical images, do not understand negation words like 'no' and 'not.' This could cause them to fail ...",http://dx.doi.org/10.48550/arXiv.2501.09425,
Artificial Intelligence and Genetics Can Help Farmers Grow Corn With Less Fertilizer,https://www.sciencedaily.com/releases/2025/05/250514164325.htm,"May 14, 2025 —Scientists are using artificial intelligence to determine which genes collectively govern nitrogen use efficiency in plants such as corn, with the goal of helping farmers improve their crop yields ...",http://dx.doi.org/10.1093/plcell/koaf093,
Energy and Memory: A New Neural Network Paradigm,https://www.sciencedaily.com/releases/2025/05/250514164320.htm,"May 14, 2025 —Listen to the first notes of an old, beloved song. Can you name that tune? If you can, congratulations -- it's a triumph of your associative memory, in which one piece of information (the first ...",http://dx.doi.org/10.1126/sciadv.adu6991,
How We Think About Protecting Data,https://www.sciencedaily.com/releases/2025/05/250514164318.htm,"May 14, 2025 —A new game-based experiment sheds light on the tradeoffs people are willing to make about data ...",,
The Key to Spotting Dyslexia Early Could Be AI-Powered Handwriting Analysis,https://www.sciencedaily.com/releases/2025/05/250514151712.htm,"May 14, 2025 —A new study outlines how artificial intelligence-powered handwriting analysis may serve as an early detection tool for dyslexia and dysgraphia among young ...",http://dx.doi.org/10.1007/s42979-025-03927-0,
Handy Octopus Robot Can Adapt to Its Surroundings,https://www.sciencedaily.com/releases/2025/05/250514141656.htm,"May 14, 2025 —Scientists inspired by the octopus's nervous system have developed a robot that can decide how to move or grip objects by sensing its ...",http://dx.doi.org/10.1126/scirobotics.adr4264,
Digital Lab for Data And Robot-Driven Materials Science,https://www.sciencedaily.com/releases/2025/05/250514120105.htm,"May 14, 2025 —Researchers have developed a digital laboratory (dLab) system that fully automates the material synthesis and structural, physical property evaluation of thin-film samples. With dLab, the team can ...",http://dx.doi.org/10.1039/D4DD00326H,
Protons on the Move,https://www.sciencedaily.com/releases/2025/05/250514111225.htm,"May 14, 2025 —Scientists have successfully relocated protons outside of an antimatter laboratory with the help of an autonomous, open Penning trap. This breakthrough marks a significant step toward transporting ...",,
Light-Driven Cockroach Cyborgs Navigate Without Wires or Surgery,https://www.sciencedaily.com/releases/2025/05/250514181651.htm,"May 14, 2025 —have created a new type of insect cyborg that can navigate autonomously -- without wires, surgery, or stress-inducing electrical shocks. The system uses a small ultraviolet (UV) light helmet to steer ...",http://dx.doi.org/10.1002/aisy.202400838,
